strategy,fold,status,error,train_main_macro_f1,val_main_macro_f1,test_main_macro_f1,test_main_micro_f1,test_main_weighted_f1,test_accuracy,test_balanced_accuracy,test_macro_auc,test_loss,checkpoint_path,output_dir,trainable_params,total_params,trainable_ratio,train_f1_NORM,val_f1_NORM,test_f1_NORM,test_sensitivity_NORM,test_specificity_NORM,test_auc_NORM,train_f1_AMI,val_f1_AMI,test_f1_AMI,test_sensitivity_AMI,test_specificity_AMI,test_auc_AMI,train_f1_IMI,val_f1_IMI,test_f1_IMI,test_sensitivity_IMI,test_specificity_IMI,test_auc_IMI,train_f1_Lateral-involved,val_f1_Lateral-involved,test_f1_Lateral-involved,test_sensitivity_Lateral-involved,test_specificity_Lateral-involved,test_auc_Lateral-involved
no_pretrain,1,OK,,0.9973247852122046,0.9792649225674757,0.6832708046080741,0.7337278106508875,0.7161269841261494,0.7337278106508875,0.668087582911704,0.9500771032171881,0.8031325348500434,/home/nugee/code-program/code-thesis/hibah/myocardial-infarction-localization/outputs/3_alpanet_finetune/20260612_150432/transfer_strategies/no_pretrain/fold_1/checkpoints/best_macro_f1.pt,/home/nugee/code-program/code-thesis/hibah/myocardial-infarction-localization/outputs/3_alpanet_finetune/20260612_150432/transfer_strategies/no_pretrain/fold_1,513493,513493,1.0,0.997979797979798,0.984251968503937,0.8873720136518771,0.9219858156028369,0.9398907103825137,0.981765686160524,1.0,0.9937888198757764,0.779874213836478,0.6391752577319587,1.0,0.9564998742770934,0.9950576606260296,0.976897689768977,0.724373576309795,0.8641304347826086,0.7027863777089783,0.9225669672903487,0.9962616822429906,0.9621212121212122,0.34146341463414637,0.24705882352941178,0.9597156398104265,0.9394758851407863
no_pretrain,2,OK,,0.9929370559298198,0.9665051330316259,0.7397003667135083,0.7652859960552268,0.7559386089043432,0.7652859960552268,0.7286783230176971,0.9606689951723311,0.5970045797218232,/home/nugee/code-program/code-thesis/hibah/myocardial-infarction-localization/outputs/3_alpanet_finetune/20260612_150432/transfer_strategies/no_pretrain/fold_2/checkpoints/best_macro_f1.pt,/home/nugee/code-program/code-thesis/hibah/myocardial-infarction-localization/outputs/3_alpanet_finetune/20260612_150432/transfer_strategies/no_pretrain/fold_2,513493,513493,1.0,0.992964824120603,0.9666666666666667,0.858085808580858,0.9219858156028369,0.912568306010929,0.9791109560903771,0.9938080495356038,0.9878048780487805,0.850828729281768,0.7938144329896907,0.9829268292682927,0.975961780236359,0.9934102141680395,0.946031746031746,0.7424242424242424,0.7989130434782609,0.7987616099071208,0.9266051958540853,0.9915651358950328,0.9655172413793104,0.5074626865671642,0.4,0.9644549763033176,0.9609980485085029
no_pretrain,3,OK,,0.9879848052281281,0.9822212293539562,0.717328849405764,0.7435897435897436,0.7354419936577586,0.7435897435897436,0.7031794094179056,0.9298258045939869,1.1251684697657176,/home/nugee/code-program/code-thesis/hibah/myocardial-infarction-localization/outputs/3_alpanet_finetune/20260612_150432/transfer_strategies/no_pretrain/fold_3/checkpoints/best_macro_f1.pt,/home/nugee/code-program/code-thesis/hibah/myocardial-infarction-localization/outputs/3_alpanet_finetune/20260612_150432/transfer_strategies/no_pretrain/fold_3,513493,513493,1.0,0.9879518072289156,0.992,0.9003436426116839,0.9290780141843972,0.9480874316939891,0.9719800023253109,0.9937888198757764,0.9876543209876543,0.7513812154696132,0.7010309278350515,0.9609756097560975,0.9639678149358815,0.9851239669421488,0.9837133550488599,0.7024390243902439,0.782608695652174,0.7461300309597523,0.8546405976578274,0.9850746268656716,0.9655172413793104,0.5151515151515151,0.4,0.9691943127962085,0.9287148034569278
no_pretrain,4,OK,,0.9953865824075188,0.9855130858937635,0.5954237651045934,0.6686390532544378,0.6415685209733367,0.6686390532544378,0.6033957124053355,0.9143571855033032,1.4343074444953272,/home/nugee/code-program/code-thesis/hibah/myocardial-infarction-localization/outputs/3_alpanet_finetune/20260612_150432/transfer_strategies/no_pretrain/fold_4/checkpoints/best_macro_f1.pt,/home/nugee/code-program/code-thesis/hibah/myocardial-infarction-localization/outputs/3_alpanet_finetune/20260612_150432/transfer_strategies/no_pretrain/fold_4,513493,513493,1.0,0.9939759036144579,0.9959839357429718,0.8867313915857605,0.9716312056737588,0.9153005464480874,0.9629887997519668,1.0,0.9813664596273292,0.8242424242424242,0.7010309278350515,1.0,0.9772441538848379,0.9950331125827815,0.9837133550488599,0.639225181598063,0.717391304347826,0.6996904024767802,0.8416173105397765,0.9925373134328358,0.9809885931558935,0.031496062992125984,0.023529411764705882,0.9052132701421801,0.8755784778366322
no_pretrain,5,OK,,0.988845019685811,0.9920114607832202,0.7090756818122161,0.7514792899408284,0.7446493377048177,0.7514792899408284,0.6911059088035302,0.9389585162708354,0.9833020947623771,/home/nugee/code-program/code-thesis/hibah/myocardial-infarction-localization/outputs/3_alpanet_finetune/20260612_150432/transfer_strategies/no_pretrain/fold_5/checkpoints/best_macro_f1.pt,/home/nugee/code-program/code-thesis/hibah/myocardial-infarction-localization/outputs/3_alpanet_finetune/20260612_150432/transfer_strategies/no_pretrain/fold_5,513493,513493,1.0,0.98989898989899,0.9959839357429718,0.9485294117647058,0.9148936170212766,0.994535519125683,0.9975390458473821,0.9891135303265941,0.9938650306748467,0.7951807228915663,0.6804123711340206,0.9926829268292683,0.924742268041237,0.9885057471264368,0.9934640522875817,0.7453703703703703,0.875,0.7306501547987616,0.9181080899178893,0.9878618113912232,0.9847328244274809,0.3472222222222222,0.29411764705882354,0.919431279620853,0.915444661276833
frozen_backbone,1,OK,,0.8241165521518684,0.7774747719600661,0.6952453331497144,0.717948717948718,0.7112000230376058,0.717948717948718,0.6727235102820704,0.9570194425749075,0.5519956054066765,/home/nugee/code-program/code-thesis/hibah/myocardial-infarction-localization/outputs/3_alpanet_finetune/20260612_150432/transfer_strategies/frozen_backbone/fold_1/checkpoints/best_macro_f1.pt,/home/nugee/code-program/code-thesis/hibah/myocardial-infarction-localization/outputs/3_alpanet_finetune/20260612_150432/transfer_strategies/frozen_backbone/fold_1,33924,513493,0.06606516544529331,0.901296111665005,0.832579185520362,0.75,0.6808510638297872,0.9480874316939891,0.9680463511994729,0.8053097345132744,0.8253968253968254,0.8228571428571428,0.7422680412371134,0.9853658536585366,0.9922806135277847,0.8227642276422764,0.7692307692307693,0.7305122494432071,0.8913043478260869,0.6873065015479877,0.9289440032305828,0.7670961347869177,0.6826923076923077,0.47761194029850745,0.3764705882352941,0.9597156398104265,0.9388068023417897
frozen_backbone,2,OK,,0.8370297556174835,0.7764602692329572,0.6675198223449575,0.7258382642998028,0.7038641563892841,0.7258382642998028,0.6566182828453391,0.9562844772333811,0.5647094654143444,/home/nugee/code-program/code-thesis/hibah/myocardial-infarction-localization/outputs/3_alpanet_finetune/20260612_150432/transfer_strategies/frozen_backbone/fold_2/checkpoints/best_macro_f1.pt,/home/nugee/code-program/code-thesis/hibah/myocardial-infarction-localization/outputs/3_alpanet_finetune/20260612_150432/transfer_strategies/frozen_backbone/fold_2,33924,513493,0.06606516544529331,0.8891050583657587,0.8828828828828829,0.828125,0.75177304964539,0.9754098360655737,0.9733558113397667,0.8505079825834543,0.8333333333333334,0.8390804597701149,0.7525773195876289,0.9902439024390244,0.9866985164697007,0.8261589403973509,0.7804878048780488,0.7420042643923241,0.9456521739130435,0.6563467492260062,0.9229034863373267,0.7823470411233701,0.6091370558375635,0.2608695652173913,0.17647058823529413,0.9644549763033176,0.9421800947867299
frozen_backbone,3,OK,,0.8318331924355951,0.7889429238242314,0.6777362603058508,0.7258382642998028,0.7079128792243857,0.7258382642998028,0.6642157061428384,0.9578843116726246,0.5470403310580131,/home/nugee/code-program/code-thesis/hibah/myocardial-infarction-localization/outputs/3_alpanet_finetune/20260612_150432/transfer_strategies/frozen_backbone/fold_3/checkpoints/best_macro_f1.pt,/home/nugee/code-program/code-thesis/hibah/myocardial-infarction-localization/outputs/3_alpanet_finetune/20260612_150432/transfer_strategies/frozen_backbone/fold_3,33924,513493,0.06606516544529331,0.8841285296981499,0.9122807017543859,0.8145454545454546,0.7943262411347518,0.9398907103825137,0.9755454792078442,0.8402366863905325,0.7628865979381443,0.8421052631578947,0.7422680412371134,0.9951219512195122,0.9948956499874277,0.8181069958847736,0.8171428571428572,0.734966592427617,0.8967391304347826,0.6904024767801857,0.9265547179970386,0.7848605577689243,0.6634615384615384,0.31932773109243695,0.2235294117647059,0.9644549763033176,0.9345413994981878
frozen_backbone,4,OK,,0.8389503928503531,0.7728812294467462,0.7299943412025283,0.7751479289940828,0.7594573368977154,0.7751479289940828,0.7162800430165677,0.9650879164931212,0.5097140164300065,/home/nugee/code-program/code-thesis/hibah/myocardial-infarction-localization/outputs/3_alpanet_finetune/20260612_150432/transfer_strategies/frozen_backbone/fold_4/checkpoints/best_macro_f1.pt,/home/nugee/code-program/code-thesis/hibah/myocardial-infarction-localization/outputs/3_alpanet_finetune/20260612_150432/transfer_strategies/frozen_backbone/fold_4,33924,513493,0.06606516544529331,0.8933717579250721,0.8927038626609443,0.875,0.8936170212765957,0.9426229508196722,0.9822695035460993,0.828696925329429,0.7956989247311828,0.8439306358381503,0.7525773195876289,0.9926829268292683,0.992079456877043,0.8397328881469115,0.7768595041322314,0.7850467289719626,0.9130434782608695,0.7647058823529411,0.941731727015749,0.794,0.6262626262626263,0.416,0.3058823529411765,0.966824644549763,0.9442709785335934
frozen_backbone,5,OK,,0.8209999201761791,0.8078364335027314,0.6953336624389256,0.7218934911242604,0.7129304643474684,0.7218934911242604,0.6742727747612202,0.9527363605417518,0.5533292576876383,/home/nugee/code-program/code-thesis/hibah/myocardial-infarction-localization/outputs/3_alpanet_finetune/20260612_150432/transfer_strategies/frozen_backbone/fold_5/checkpoints/best_macro_f1.pt,/home/nugee/code-program/code-thesis/hibah/myocardial-infarction-localization/outputs/3_alpanet_finetune/20260612_150432/transfer_strategies/frozen_backbone/fold_5,33924,513493,0.06606516544529331,0.8857715430861723,0.8761061946902655,0.7185185185185186,0.6879432624113475,0.912568306010929,0.952234236329109,0.8150375939849624,0.8539325842696629,0.8421052631578947,0.7422680412371134,0.9951219512195122,0.997384963540357,0.810064935064935,0.776536312849162,0.7545454545454545,0.9021739130434783,0.7213622291021672,0.9258648539507336,0.7731256085686465,0.7247706422018348,0.46616541353383456,0.36470588235294116,0.9597156398104265,0.9354613883468078
partial_finetune,1,OK,,0.9907332149693061,0.967558072855123,0.6554115864405674,0.6962524654832347,0.6841225011221027,0.6962524654832347,0.6449024039649143,0.951583879135869,0.6257558917623065,/home/nugee/code-program/code-thesis/hibah/myocardial-infarction-localization/outputs/3_alpanet_finetune/20260612_150432/transfer_strategies/partial_finetune/fold_1/checkpoints/best_macro_f1.pt,/home/nugee/code-program/code-thesis/hibah/myocardial-infarction-localization/outputs/3_alpanet_finetune/20260612_150432/transfer_strategies/partial_finetune/fold_1,449333,513493,0.8750518507555117,0.9929506545820745,0.976,0.8482490272373541,0.7730496453900709,0.9808743169398907,0.9880440258884626,0.9938080495356038,0.9700598802395209,0.7142857142857143,0.7216494845360825,0.9292682926829269,0.9579331154136284,0.989282769991756,0.9706840390879479,0.6862302483069977,0.8260869565217391,0.6687306501547987,0.9034863373266926,0.9868913857677902,0.9534883720930233,0.3728813559322034,0.25882352941176473,0.9739336492890995,0.956872037914692
partial_finetune,2,OK,,0.98197360565788,0.9418105008429146,0.647794264349103,0.6942800788954635,0.6801597253152916,0.6942800788954635,0.6359446639933714,0.9499550059592872,0.6872354901048559,/home/nugee/code-program/code-thesis/hibah/myocardial-infarction-localization/outputs/3_alpanet_finetune/20260612_150432/transfer_strategies/partial_finetune/fold_2/checkpoints/best_macro_f1.pt,/home/nugee/code-program/code-thesis/hibah/myocardial-infarction-localization/outputs/3_alpanet_finetune/20260612_150432/transfer_strategies/partial_finetune/fold_2,449333,513493,0.8750518507555117,0.982982982982983,0.9711934156378601,0.84375,0.7659574468085106,0.9808743169398907,0.9920358097895594,0.9876160990712074,0.9580838323353293,0.7391304347826086,0.7010309278350515,0.9536585365853658,0.9380437515715363,0.9760923330585326,0.9216300940438872,0.6916299559471366,0.8532608695652174,0.6501547987616099,0.9183604792031229,0.981203007518797,0.9163346613545816,0.31666666666666665,0.2235294117647059,0.9620853080568721,0.95137998327293
partial_finetune,3,OK,,0.9924641840158415,0.9896401084051932,0.6207022083873589,0.6785009861932939,0.6552184680351364,0.6785009861932939,0.6238184176414302,0.9482210661626942,0.998773639606536,/home/nugee/code-program/code-thesis/hibah/myocardial-infarction-localization/outputs/3_alpanet_finetune/20260612_150432/transfer_strategies/partial_finetune/fold_3/checkpoints/best_macro_f1.pt,/home/nugee/code-program/code-thesis/hibah/myocardial-infarction-localization/outputs/3_alpanet_finetune/20260612_150432/transfer_strategies/partial_finetune/fold_3,449333,513493,0.8750518507555117,0.9949647532729103,0.9959839357429718,0.8714285714285714,0.8652482269503546,0.953551912568306,0.9839359764368484,0.9922720247295209,0.9875,0.7329842931937173,0.7216494845360825,0.9414634146341463,0.9686949962283129,0.9900826446280991,0.990228013029316,0.6420323325635104,0.7554347826086957,0.6594427244582043,0.8922466011576256,0.9925373134328358,0.9848484848484849,0.23636363636363636,0.15294117647058825,0.9715639810426541,0.94800669082799
partial_finetune,4,OK,,0.9942620032803062,0.9702125441957139,0.847091950046358,0.8461538461538461,0.8468021477321341,0.8461538461538461,0.8397820505124907,0.9753911482552304,0.43704773030102373,/home/nugee/code-program/code-thesis/hibah/myocardial-infarction-localization/outputs/3_alpanet_finetune/20260612_150432/transfer_strategies/partial_finetune/fold_4/checkpoints/best_macro_f1.pt,/home/nugee/code-program/code-thesis/hibah/myocardial-infarction-localization/outputs/3_alpanet_finetune/20260612_150432/transfer_strategies/partial_finetune/fold_4,449333,513493,0.8750518507555117,0.9959758551307847,0.9841269841269841,0.9111111111111111,0.8723404255319149,0.9836065573770492,0.9919195442390419,0.9969040247678018,0.9818181818181818,0.7379679144385026,0.711340206185567,0.948780487804878,0.9503394518481267,0.9925558312655087,0.9741935483870968,0.8226221079691517,0.8695652173913043,0.8606811145510835,0.9615358729304078,0.9916123019571296,0.9407114624505929,0.9166666666666666,0.9058823529411765,0.985781990521327,0.9977697240033454
partial_finetune,5,OK,,0.9932503635325259,0.9871616013170572,0.8900004680495108,0.8856015779092702,0.8860968028601653,0.8856015779092702,0.8811406587440187,0.9797398079904935,0.40236688906389345,/home/nugee/code-program/code-thesis/hibah/myocardial-infarction-localization/outputs/3_alpanet_finetune/20260612_150432/transfer_strategies/partial_finetune/fold_5/checkpoints/best_macro_f1.pt,/home/nugee/code-program/code-thesis/hibah/myocardial-infarction-localization/outputs/3_alpanet_finetune/20260612_150432/transfer_strategies/partial_finetune/fold_5,449333,513493,0.8750518507555117,0.9929506545820745,0.9959839357429718,0.8913857677902621,0.8439716312056738,0.9808743169398907,0.9864744409564778,0.9922480620155039,0.9813664596273292,0.8817204301075269,0.845360824742268,0.9829268292682927,0.9734976112647724,0.9934102141680395,0.9901639344262295,0.8702290076335878,0.9293478260869565,0.8823529411764706,0.9690234217256697,0.994392523364486,0.9811320754716981,0.9166666666666666,0.9058823529411765,0.985781990521327,0.9899637580150543
full_finetune,1,OK,,0.9979204603467458,0.9928287256417403,0.8824208658835988,0.8856015779092702,0.8833393306600701,0.8856015779092702,0.8779828321746124,0.9740723900625945,0.6503013993156027,/home/nugee/code-program/code-thesis/hibah/myocardial-infarction-localization/outputs/3_alpanet_finetune/20260612_150432/transfer_strategies/full_finetune/fold_1/checkpoints/best_macro_f1.pt,/home/nugee/code-program/code-thesis/hibah/myocardial-infarction-localization/outputs/3_alpanet_finetune/20260612_150432/transfer_strategies/full_finetune/fold_1,513493,513493,1.0,0.9969727547931383,0.9919354838709677,0.8937728937728938,0.8652482269503546,0.9726775956284153,0.9697709568654808,0.9984544049459042,1.0,0.8242424242424242,0.7010309278350515,1.0,0.9755846115162183,1.0,0.9868421052631579,0.8877551020408163,0.9456521739130435,0.8947368421052632,0.9592138915062594,0.9962546816479401,0.9925373134328358,0.9239130434782609,1.0,0.966824644549763,0.9917201003624199
full_finetune,2,OK,,0.9977311792696414,0.9759862964953514,0.8386897958594199,0.8382642998027613,0.8379831702876521,0.8382642998027613,0.8322754979377142,0.9559641848389084,0.8824489706836979,/home/nugee/code-program/code-thesis/hibah/myocardial-infarction-localization/outputs/3_alpanet_finetune/20260612_150432/transfer_strategies/full_finetune/fold_2/checkpoints/best_macro_f1.pt,/home/nugee/code-program/code-thesis/hibah/myocardial-infarction-localization/outputs/3_alpanet_finetune/20260612_150432/transfer_strategies/full_finetune/fold_2,513493,513493,1.0,0.9959839357429718,0.975609756097561,0.8773234200743495,0.8368794326241135,0.9726775956284153,0.9518466844940511,1.0,0.9938650306748467,0.770949720670391,0.711340206185567,0.9682926829268292,0.9653256223283883,0.9958779884583677,0.9612903225806452,0.8214285714285714,0.875,0.8544891640866873,0.9343956117916274,0.9990627928772259,0.9731800766283525,0.8850574712643678,0.9058823529411765,0.9715639810426541,0.9722888207415668
full_finetune,3,OK,,0.9986437955939295,0.9859255071282076,0.8586453332641821,0.8579881656804734,0.8558588406938401,0.8579881656804734,0.861422778959281,0.974358503522843,0.6420728933117563,/home/nugee/code-program/code-thesis/hibah/myocardial-infarction-localization/outputs/3_alpanet_finetune/20260612_150432/transfer_strategies/full_finetune/fold_3/checkpoints/best_macro_f1.pt,/home/nugee/code-program/code-thesis/hibah/myocardial-infarction-localization/outputs/3_alpanet_finetune/20260612_150432/transfer_strategies/full_finetune/fold_3,513493,513493,1.0,0.9979879275653923,0.9919354838709677,0.8865248226950354,0.8865248226950354,0.9562841530054644,0.9717087160407705,1.0,0.9876543209876543,0.7752808988764045,0.711340206185567,0.9707317073170731,0.9711591651998994,0.9975227085053675,0.987012987012987,0.8387096774193549,0.8478260869565217,0.9009287925696594,0.9548727958002423,0.9990645463049579,0.9770992366412213,0.9340659340659341,1.0,0.9715639810426541,0.9996933370504599
full_finetune,4,OK,,0.9978433470323549,0.9854470389164698,0.8670351832599223,0.8678500986193294,0.8660868526883502,0.8678500986193294,0.8690205271623894,0.9683529838537739,0.6613289463449512,/home/nugee/code-program/code-thesis/hibah/myocardial-infarction-localization/outputs/3_alpanet_finetune/20260612_150432/transfer_strategies/full_finetune/fold_4/checkpoints/best_macro_f1.pt,/home/nugee/code-program/code-thesis/hibah/myocardial-infarction-localization/outputs/3_alpanet_finetune/20260612_150432/transfer_strategies/full_finetune/fold_4,513493,513493,1.0,0.9979879275653923,1.0,0.8985507246376812,0.8794326241134752,0.9699453551912568,0.9786071387048018,0.9969040247678018,0.9815950920245399,0.7865168539325843,0.7216494845360825,0.973170731707317,0.964621574050792,0.9983471074380166,0.987012987012987,0.8541114058355438,0.875,0.9009287925696594,0.9529041593754207,0.9981343283582089,0.9731800766283525,0.9289617486338798,1.0,0.9691943127962085,0.9772790632840814
full_finetune,5,OK,,0.9990296921717219,0.9957478335896763,0.8511003755929466,0.8500986193293886,0.8483583102991216,0.8500986193293886,0.8535018723912885,0.9684069198161793,0.7841964690878076,/home/nugee/code-program/code-thesis/hibah/myocardial-infarction-localization/outputs/3_alpanet_finetune/20260612_150432/transfer_strategies/full_finetune/fold_5/checkpoints/best_macro_f1.pt,/home/nugee/code-program/code-thesis/hibah/myocardial-infarction-localization/outputs/3_alpanet_finetune/20260612_150432/transfer_strategies/full_finetune/fold_5,513493,513493,1.0,0.9979879275653923,1.0,0.875,0.8439716312056738,0.9672131147540983,0.9736755416036895,1.0,0.9937888198757764,0.7666666666666667,0.711340206185567,0.9658536585365853,0.9611013326628112,1.0,0.9967213114754099,0.8337730870712401,0.8586956521739131,0.8854489164086687,0.9486640193834971,0.9981308411214953,0.9924812030075187,0.9289617486338798,1.0,0.9691943127962085,0.9901867856147197
