strategy,fold,train_main_macro_f1,val_main_macro_f1,test_main_macro_f1,test_main_micro_f1,test_main_weighted_f1,test_accuracy,test_balanced_accuracy,test_macro_auc,test_loss,trainable_params,total_params,trainable_ratio,status,checkpoint_path,output_dir,train_f1_NORM,train_f1_AMI,train_f1_IMI,train_f1_LMI,val_f1_NORM,val_f1_AMI,val_f1_IMI,val_f1_LMI,test_f1_NORM,test_f1_AMI,test_f1_IMI,test_f1_LMI,test_sensitivity_NORM,test_sensitivity_AMI,test_sensitivity_IMI,test_sensitivity_LMI,test_specificity_NORM,test_specificity_AMI,test_specificity_IMI,test_specificity_LMI,test_auc_NORM,test_auc_AMI,test_auc_IMI,test_auc_LMI
no_pretrain,1,0.9974053085614616,0.9933801009564184,0.8009943108513587,0.8256513026052105,0.8219490505428072,0.8256513026052105,0.7867316369417108,0.9728885462091362,0.692323050661412,513493,513493,1.0,OK,/home/nugee/code-program/code-thesis/hibah/myocardial-infarction-localization/outputs/3_alpanet_finetune/20260611_194017/transfer_strategies/no_pretrain/fold_1/checkpoints/best_macro_f1.pt,/home/nugee/code-program/code-thesis/hibah/myocardial-infarction-localization/outputs/3_alpanet_finetune/20260611_194017/transfer_strategies/no_pretrain/fold_1,0.996007984031936,0.9969135802469136,0.9966996699669968,1.0,0.99601593625498,1.0,0.9933774834437086,0.984126984126984,0.7948717948717948,0.7978723404255319,0.9081081081081082,0.703125,0.9185185185185184,0.7731958762886598,0.9130434782608696,0.5421686746987951,0.8543956043956044,0.9601990049751244,0.9428571428571428,1.0,0.9717134717134716,0.9401959275786018,0.9807453416149068,0.9988994439295644
no_pretrain,2,1.0,1.0,0.8732332448249913,0.8677354709418837,0.8664849633138457,0.8677354709418837,0.8730446613387162,0.9808739355009274,0.5882150123795431,513493,513493,1.0,OK,/home/nugee/code-program/code-thesis/hibah/myocardial-infarction-localization/outputs/3_alpanet_finetune/20260611_194017/transfer_strategies/no_pretrain/fold_2/checkpoints/best_macro_f1.pt,/home/nugee/code-program/code-thesis/hibah/myocardial-infarction-localization/outputs/3_alpanet_finetune/20260611_194017/transfer_strategies/no_pretrain/fold_2,1.0,1.0,1.0,1.0,1.0,1.0,1.0,1.0,0.9047619047619048,0.783068783068783,0.8361581920903954,0.968944099378882,0.9851851851851852,0.7628865979381443,0.8043478260869565,0.9397590361445785,0.9285714285714286,0.9552238805970148,0.9301587301587302,1.0,0.9883190883190884,0.9694311945427504,0.9658902691511388,0.9998551899907322
no_pretrain,3,0.994372876373494,1.0,0.7969884345906517,0.7875751503006012,0.78684304591523,0.7875751503006012,0.7955485008413553,0.9442425818868349,0.8777025355724152,513493,513493,1.0,OK,/home/nugee/code-program/code-thesis/hibah/myocardial-infarction-localization/outputs/3_alpanet_finetune/20260611_194017/transfer_strategies/no_pretrain/fold_3/checkpoints/best_macro_f1.pt,/home/nugee/code-program/code-thesis/hibah/myocardial-infarction-localization/outputs/3_alpanet_finetune/20260611_194017/transfer_strategies/no_pretrain/fold_3,0.9920477137176938,0.9969040247678018,0.9925558312655088,0.9959839357429718,1.0,1.0,1.0,1.0,0.8410596026490066,0.71,0.736231884057971,0.9006622516556292,0.9407407407407408,0.7319587628865979,0.6902173913043478,0.8192771084337349,0.8901098901098901,0.9203980099502488,0.8920634920634921,1.0,0.9777777777777776,0.8706211211981331,0.9285714285714286,1.0
no_pretrain,4,0.9995444884333772,0.9939910101439592,0.890642453218021,0.8837675350701403,0.884004812701131,0.8837675350701403,0.899492732871823,0.9853843718479248,0.4523169578674561,513493,513493,1.0,OK,/home/nugee/code-program/code-thesis/hibah/myocardial-infarction-localization/outputs/3_alpanet_finetune/20260611_194017/transfer_strategies/no_pretrain/fold_4/checkpoints/best_macro_f1.pt,/home/nugee/code-program/code-thesis/hibah/myocardial-infarction-localization/outputs/3_alpanet_finetune/20260611_194017/transfer_strategies/no_pretrain/fold_4,0.999000999000999,1.0,0.9991769547325104,1.0,0.992,0.9938650306748468,0.99009900990099,1.0,0.9672727272727272,0.7655502392344498,0.8357348703170029,0.994011976047904,0.9851851851851852,0.8247422680412371,0.7880434782608695,1.0,0.9807692307692308,0.9203980099502488,0.9428571428571428,0.997596153846154,0.9984330484330484,0.9711237626301482,0.9719806763285024,1.0
no_pretrain,5,0.9981789015554942,0.9981812929234568,0.8495502511349368,0.8396793587174348,0.8403532700482583,0.8396793587174348,0.8578798122416456,0.9435354657505892,1.0013073359528382,513493,513493,1.0,OK,/home/nugee/code-program/code-thesis/hibah/myocardial-infarction-localization/outputs/3_alpanet_finetune/20260611_194017/transfer_strategies/no_pretrain/fold_5/checkpoints/best_macro_f1.pt,/home/nugee/code-program/code-thesis/hibah/myocardial-infarction-localization/outputs/3_alpanet_finetune/20260611_194017/transfer_strategies/no_pretrain/fold_5,0.99601593625498,1.0,0.9966996699669968,1.0,0.9960474308300395,1.0,0.9966777408637874,1.0,0.9485294117647058,0.6857142857142857,0.7758620689655172,0.988095238095238,0.9555555555555556,0.7422680412371134,0.7336956521739131,1.0,0.978021978021978,0.8980099502487562,0.907936507936508,0.9951923076923076,0.9957061457061456,0.8735702928655691,0.9048654244306418,1.0
frozen_backbone,1,0.918650015678554,0.8752512412325432,0.7855323031950803,0.7595190380761523,0.7600359291304439,0.7595190380761523,0.7794828262199652,0.9400827346023756,0.5443205589760759,33924,513493,0.0660651654452933,OK,/home/nugee/code-program/code-thesis/hibah/myocardial-infarction-localization/outputs/3_alpanet_finetune/20260611_194017/transfer_strategies/frozen_backbone/fold_1/checkpoints/best_macro_f1.pt,/home/nugee/code-program/code-thesis/hibah/myocardial-infarction-localization/outputs/3_alpanet_finetune/20260611_194017/transfer_strategies/frozen_backbone/fold_1,0.9032258064516128,0.917981072555205,0.9093931837073982,0.944,0.8609865470852018,0.8774193548387097,0.8640483383685801,0.8985507246376812,0.7193675889328063,0.7340425531914894,0.7007672634271099,0.9879518072289156,0.674074074074074,0.711340206185567,0.7445652173913043,0.9879518072289156,0.925824175824176,0.945273631840796,0.7777777777777778,0.997596153846154,0.9445868945868946,0.9521977740165154,0.8640096618357488,0.9995366079703428
frozen_backbone,2,0.9055031278886616,0.8565196798954761,0.800538727704082,0.7755511022044088,0.7771015646640913,0.7755511022044088,0.792094103542013,0.9340130139276468,0.5611268163085701,33924,513493,0.0660651654452933,OK,/home/nugee/code-program/code-thesis/hibah/myocardial-infarction-localization/outputs/3_alpanet_finetune/20260611_194017/transfer_strategies/frozen_backbone/fold_2/checkpoints/best_macro_f1.pt,/home/nugee/code-program/code-thesis/hibah/myocardial-infarction-localization/outputs/3_alpanet_finetune/20260611_194017/transfer_strategies/frozen_backbone/fold_2,0.8858267716535433,0.8913385826771654,0.8809917355371901,0.963855421686747,0.8288288288288288,0.89171974522293,0.8676923076923077,0.8378378378378378,0.762962962962963,0.7675675675675676,0.7086614173228346,0.9629629629629628,0.762962962962963,0.7319587628865979,0.7336956521739131,0.9397590361445785,0.912087912087912,0.9577114427860696,0.8031746031746032,0.997596153846154,0.9345136345136346,0.9637636559470688,0.8391649413388544,0.9986098239110288
frozen_backbone,3,0.9177649197356196,0.8730786643430053,0.7957232348117067,0.7675350701402806,0.7682589081569348,0.7675350701402806,0.7911262223554311,0.9247169381098586,0.604272824012206,33924,513493,0.0660651654452933,OK,/home/nugee/code-program/code-thesis/hibah/myocardial-infarction-localization/outputs/3_alpanet_finetune/20260611_194017/transfer_strategies/frozen_backbone/fold_3/checkpoints/best_macro_f1.pt,/home/nugee/code-program/code-thesis/hibah/myocardial-infarction-localization/outputs/3_alpanet_finetune/20260611_194017/transfer_strategies/frozen_backbone/fold_3,0.90138067061144,0.9240506329113924,0.8966087675765095,0.9490196078431372,0.8169014084507042,0.9056603773584906,0.8579881656804734,0.9117647058823528,0.7418181818181818,0.7675675675675676,0.6916890080428955,0.9818181818181818,0.7555555555555555,0.7319587628865979,0.7010869565217391,0.9759036144578314,0.8956043956043956,0.9577114427860696,0.8095238095238095,0.997596153846154,0.9332112332112332,0.9463507206236856,0.8193926846100759,0.9999131139944392
frozen_backbone,4,0.8730067835416573,0.8491384729863285,0.8155310605092735,0.7975951903807615,0.7964883021428227,0.7975951903807615,0.8157127513990421,0.9370762649883464,0.5502095629194218,33924,513493,0.0660651654452933,OK,/home/nugee/code-program/code-thesis/hibah/myocardial-infarction-localization/outputs/3_alpanet_finetune/20260611_194017/transfer_strategies/frozen_backbone/fold_4/checkpoints/best_macro_f1.pt,/home/nugee/code-program/code-thesis/hibah/myocardial-infarction-localization/outputs/3_alpanet_finetune/20260611_194017/transfer_strategies/frozen_backbone/fold_4,0.861003861003861,0.8821656050955414,0.8504201680672269,0.8984375,0.8888888888888888,0.8481012658227848,0.8543689320388349,0.8051948051948052,0.8042704626334519,0.7650273224043715,0.7342465753424657,0.9585798816568049,0.837037037037037,0.7216494845360825,0.7282608695652174,0.9759036144578314,0.9093406593406592,0.9601990049751244,0.8507936507936508,0.9879807692307692,0.9488196988196989,0.9620710878596708,0.8393547273982057,0.9980595458758108
frozen_backbone,5,0.9231772117426412,0.9228233243285529,0.7949489034613695,0.7715430861723447,0.7736608364247052,0.7715430861723447,0.7849098108155517,0.9349603287642432,0.5630081298356066,33924,513493,0.0660651654452933,OK,/home/nugee/code-program/code-thesis/hibah/myocardial-infarction-localization/outputs/3_alpanet_finetune/20260611_194017/transfer_strategies/frozen_backbone/fold_5/checkpoints/best_macro_f1.pt,/home/nugee/code-program/code-thesis/hibah/myocardial-infarction-localization/outputs/3_alpanet_finetune/20260611_194017/transfer_strategies/frozen_backbone/fold_5,0.9105211406096362,0.92018779342723,0.9065343258891646,0.9554655870445344,0.9205020920502092,0.9419354838709676,0.9333333333333332,0.8955223880597015,0.7761194029850746,0.7553191489361702,0.7049608355091384,0.9433962264150944,0.7703703703703704,0.7319587628865979,0.7336956521739131,0.9036144578313252,0.9203296703296704,0.9502487562189056,0.7968253968253968,0.997596153846154,0.9494708994708996,0.953428732625532,0.8382160110420979,0.9987256719184432
partial_finetune,1,0.9986339415389446,1.0,0.9040243890056556,0.8977955911823647,0.8971820640275341,0.8977955911823647,0.9094967586367184,0.969994289361734,0.4472641945183874,449333,513493,0.8750518507555117,OK,/home/nugee/code-program/code-thesis/hibah/myocardial-infarction-localization/outputs/3_alpanet_finetune/20260611_194017/transfer_strategies/partial_finetune/fold_1/checkpoints/best_macro_f1.pt,/home/nugee/code-program/code-thesis/hibah/myocardial-infarction-localization/outputs/3_alpanet_finetune/20260611_194017/transfer_strategies/partial_finetune/fold_1,0.9970089730807578,1.0,0.9975267930750206,1.0,1.0,1.0,1.0,1.0,0.9605734767025088,0.8,0.8555240793201133,1.0,0.9925925925925926,0.8247422680412371,0.8206521739130435,1.0,0.9725274725274724,0.9427860696517412,0.9428571428571428,1.0,0.9867928367928368,0.962404472482946,0.9307798481711528,1.0
partial_finetune,2,0.9950073460135312,0.9630709606051722,0.8704475613125805,0.8577154308617234,0.8586565164482683,0.8577154308617234,0.8683106935936384,0.9781869973930456,0.4358082791213655,449333,513493,0.8750518507555117,OK,/home/nugee/code-program/code-thesis/hibah/myocardial-infarction-localization/outputs/3_alpanet_finetune/20260611_194017/transfer_strategies/partial_finetune/fold_2/checkpoints/best_macro_f1.pt,/home/nugee/code-program/code-thesis/hibah/myocardial-infarction-localization/outputs/3_alpanet_finetune/20260611_194017/transfer_strategies/partial_finetune/fold_2,0.9929789368104311,0.9984496124031008,0.992616899097621,0.9959839357429718,0.9276595744680852,0.9937888198757764,0.9467084639498432,0.984126984126984,0.8862745098039215,0.7857142857142857,0.8157894736842105,0.994011976047904,0.837037037037037,0.7938144329896907,0.842391304347826,1.0,0.9807692307692308,0.945273631840796,0.8698412698412699,0.997596153846154,0.99013024013024,0.9718931117607836,0.9507246376811592,1.0
partial_finetune,3,0.993049085187676,0.9718612106009508,0.8351597136860689,0.8196392785571143,0.8208435481443426,0.8196392785571143,0.828801235121271,0.9568268224552352,0.6102891365917239,449333,513493,0.8750518507555117,OK,/home/nugee/code-program/code-thesis/hibah/myocardial-infarction-localization/outputs/3_alpanet_finetune/20260611_194017/transfer_strategies/partial_finetune/fold_3/checkpoints/best_macro_f1.pt,/home/nugee/code-program/code-thesis/hibah/myocardial-infarction-localization/outputs/3_alpanet_finetune/20260611_194017/transfer_strategies/partial_finetune/fold_3,0.99,0.9968944099378882,0.989317995069844,0.9959839357429718,0.940677966101695,0.9937888198757764,0.9529780564263324,1.0,0.8467741935483871,0.7263157894736842,0.7735368956743003,0.994011976047904,0.7777777777777778,0.711340206185567,0.8260869565217391,1.0,0.978021978021978,0.9402985074626866,0.819047619047619,0.997596153846154,0.9847578347578348,0.9315535723444632,0.9110248447204968,0.9999710379981464
partial_finetune,4,0.9974228647639396,0.9926997680792748,0.8874570052740197,0.8797595190380761,0.8787554471474478,0.8797595190380761,0.8914076896259774,0.963640713823936,0.5674880113936065,449333,513493,0.8750518507555117,OK,/home/nugee/code-program/code-thesis/hibah/myocardial-infarction-localization/outputs/3_alpanet_finetune/20260611_194017/transfer_strategies/partial_finetune/fold_4/checkpoints/best_macro_f1.pt,/home/nugee/code-program/code-thesis/hibah/myocardial-infarction-localization/outputs/3_alpanet_finetune/20260611_194017/transfer_strategies/partial_finetune/fold_4,0.996996996996997,1.0,0.9967105263157896,0.9959839357429718,0.9838709677419356,1.0,0.9869281045751634,1.0,0.9428571428571428,0.7755102040816326,0.8314606741573034,1.0,0.9777777777777776,0.7835051546391752,0.8043478260869565,1.0,0.9642857142857144,0.9427860696517412,0.923809523809524,1.0,0.9854904354904356,0.9520951941324306,0.916977225672878,1.0
partial_finetune,5,0.9950100341175074,0.974262402197302,0.8725458302651841,0.8637274549098196,0.8635863249219199,0.8637274549098196,0.8731122857884049,0.9629699817681966,0.4551353078328058,449333,513493,0.8750518507555117,OK,/home/nugee/code-program/code-thesis/hibah/myocardial-infarction-localization/outputs/3_alpanet_finetune/20260611_194017/transfer_strategies/partial_finetune/fold_5/checkpoints/best_macro_f1.pt,/home/nugee/code-program/code-thesis/hibah/myocardial-infarction-localization/outputs/3_alpanet_finetune/20260611_194017/transfer_strategies/partial_finetune/fold_5,0.996,0.9938080495356038,0.9942481511914544,0.9959839357429718,0.9547325102880658,0.9937888198757764,0.964401294498382,0.984126984126984,0.9236363636363636,0.7755102040816326,0.8154269972451791,0.975609756097561,0.9407407407407408,0.7835051546391752,0.8043478260869565,0.963855421686747,0.9642857142857144,0.9427860696517412,0.9015873015873016,0.997596153846154,0.9877289377289376,0.9654049340924244,0.898775017253278,0.9999710379981464
full_finetune,1,0.9990894507777472,1.0,0.8791533856616631,0.8697394789579158,0.8696823558514589,0.8697394789579158,0.8787248700964524,0.9732688076210826,0.7994561212819503,513493,513493,1.0,OK,/home/nugee/code-program/code-thesis/hibah/myocardial-infarction-localization/outputs/3_alpanet_finetune/20260611_194017/transfer_strategies/full_finetune/fold_1/checkpoints/best_macro_f1.pt,/home/nugee/code-program/code-thesis/hibah/myocardial-infarction-localization/outputs/3_alpanet_finetune/20260611_194017/transfer_strategies/full_finetune/fold_1,0.99800796812749,1.0,0.9983498349834984,1.0,1.0,1.0,1.0,1.0,0.925925925925926,0.7668393782383419,0.8238482384823849,1.0,0.925925925925926,0.7628865979381443,0.8260869565217391,1.0,0.9725274725274724,0.945273631840796,0.8952380952380953,1.0,0.9893772893772892,0.9579422475252604,0.9457556935817806,1.0
full_finetune,2,0.9995448028232083,0.9976275328377966,0.9114648492477558,0.9038076152304608,0.9036314869029124,0.9038076152304608,0.9167070280724472,0.97892729502049,0.5282929814557119,513493,513493,1.0,OK,/home/nugee/code-program/code-thesis/hibah/myocardial-infarction-localization/outputs/3_alpanet_finetune/20260611_194017/transfer_strategies/full_finetune/fold_2/checkpoints/best_macro_f1.pt,/home/nugee/code-program/code-thesis/hibah/myocardial-infarction-localization/outputs/3_alpanet_finetune/20260611_194017/transfer_strategies/full_finetune/fold_2,0.999004975124378,1.0,0.9991742361684558,1.0,1.0,0.9937888198757764,0.99672131147541,1.0,0.9377289377289376,0.845771144278607,0.8683473389355743,0.994011976047904,0.9481481481481482,0.8762886597938144,0.842391304347826,1.0,0.9725274725274724,0.9527363184079602,0.9428571428571428,0.997596153846154,0.9968253968253968,0.9623275375698824,0.9565562456866804,1.0
full_finetune,3,0.9995446471796482,0.9976275328377966,0.8792362809714022,0.8717434869739479,0.8701092499406338,0.8717434869739479,0.8766885386058403,0.976643916601318,0.6905741908826412,513493,513493,1.0,OK,/home/nugee/code-program/code-thesis/hibah/myocardial-infarction-localization/outputs/3_alpanet_finetune/20260611_194017/transfer_strategies/full_finetune/fold_3/checkpoints/best_macro_f1.pt,/home/nugee/code-program/code-thesis/hibah/myocardial-infarction-localization/outputs/3_alpanet_finetune/20260611_194017/transfer_strategies/full_finetune/fold_3,0.9990029910269193,1.0,0.9991755976916736,1.0,1.0,0.9937888198757764,0.99672131147541,1.0,0.9110320284697508,0.7734806629834254,0.8324324324324325,1.0,0.9481481481481482,0.7216494845360825,0.8369565217391305,1.0,0.9505494505494504,0.965174129353234,0.8984126984126984,1.0,0.9905779405779406,0.970380058470534,0.945617667356798,1.0
full_finetune,4,0.9990888157894736,1.0,0.881727167589339,0.8717434869739479,0.8707674883645512,0.8717434869739479,0.8800835657486263,0.9713076703385414,0.6352688431105705,513493,513493,1.0,OK,/home/nugee/code-program/code-thesis/hibah/myocardial-infarction-localization/outputs/3_alpanet_finetune/20260611_194017/transfer_strategies/full_finetune/fold_4/checkpoints/best_macro_f1.pt,/home/nugee/code-program/code-thesis/hibah/myocardial-infarction-localization/outputs/3_alpanet_finetune/20260611_194017/transfer_strategies/full_finetune/fold_4,0.998,1.0,0.9983552631578948,1.0,1.0,1.0,1.0,1.0,0.8992805755395683,0.8043478260869565,0.8292682926829268,0.994011976047904,0.925925925925926,0.7628865979381443,0.8315217391304348,1.0,0.9505494505494504,0.9676616915422884,0.8984126984126984,0.997596153846154,0.981074481074481,0.966302508078166,0.9378536922015184,1.0
full_finetune,5,0.9995444884333772,0.992729658792651,0.8568483937331857,0.843687374749499,0.8425600369912163,0.843687374749499,0.8529960821422049,0.968009910056387,0.534501033291997,513493,513493,1.0,OK,/home/nugee/code-program/code-thesis/hibah/myocardial-infarction-localization/outputs/3_alpanet_finetune/20260611_194017/transfer_strategies/full_finetune/fold_5/checkpoints/best_macro_f1.pt,/home/nugee/code-program/code-thesis/hibah/myocardial-infarction-localization/outputs/3_alpanet_finetune/20260611_194017/transfer_strategies/full_finetune/fold_5,0.999000999000999,1.0,0.9991769547325104,1.0,0.984251968503937,1.0,0.9866666666666668,1.0,0.852112676056338,0.7752808988764045,0.8,1.0,0.8962962962962963,0.711340206185567,0.8043478260869565,1.0,0.9230769230769232,0.9701492537313432,0.8793650793650793,1.0,0.9751729751729752,0.9766630763707236,0.9202035886818496,1.0
