rank,strategy,fold,status,error,train_main_macro_f1,val_main_macro_f1,test_main_macro_f1,test_main_micro_f1,test_main_weighted_f1,test_accuracy,test_balanced_accuracy,test_macro_auc,test_loss,checkpoint_path,output_dir,trainable_params,total_params,trainable_ratio,train_f1_NORM,val_f1_NORM,test_f1_NORM,test_sensitivity_NORM,test_specificity_NORM,test_auc_NORM,train_f1_AMI,val_f1_AMI,test_f1_AMI,test_sensitivity_AMI,test_specificity_AMI,test_auc_AMI,train_f1_IMI,val_f1_IMI,test_f1_IMI,test_sensitivity_IMI,test_specificity_IMI,test_auc_IMI,train_f1_LMI,val_f1_LMI,test_f1_LMI,test_sensitivity_LMI,test_specificity_LMI,test_auc_LMI
1,partial_finetune,1,OK,,0.99454567490613,0.9928975214874876,0.8900360375076202,0.8954635108481263,0.8953400832555218,0.8954635108481263,0.898254487858067,0.9864148494825464,0.3597877859716584,/home/nugee/code-program/code-thesis/hibah/myocardial-infarction-localization/outputs/5_alpanet_finetune_no_attention/20260613_180950/transfer_strategies/partial_finetune/fold_1/checkpoints/best_macro_f1.pt,/home/nugee/code-program/code-thesis/hibah/myocardial-infarction-localization/outputs/5_alpanet_finetune_no_attention/20260613_180950/transfer_strategies/partial_finetune/fold_1,448773,512933,0.8749154372988285,0.995959595959596,0.9959839357429718,0.9597069597069596,0.9290780141843972,0.9972677595628416,0.9948455605937294,0.9953488372093025,1.0,0.8085106382978723,0.7835051546391752,0.9634146341463414,0.9829268292682928,0.9934102141680397,0.986842105263158,0.8876712328767123,0.8804347826086957,0.9411764705882352,0.96824942791762,0.9934640522875816,0.9887640449438202,0.9042553191489362,1.0,0.957345971563981,0.9996375801505436
2,full_finetune,5,OK,,0.9986626462127745,0.9923487425206888,0.8871562897514432,0.8954635108481263,0.8944590468237252,0.8954635108481263,0.8945986160517022,0.9843875005324624,0.5791864602934914,/home/nugee/code-program/code-thesis/hibah/myocardial-infarction-localization/outputs/5_alpanet_finetune_no_attention/20260613_180950/transfer_strategies/full_finetune/fold_5/checkpoints/best_macro_f1.pt,/home/nugee/code-program/code-thesis/hibah/myocardial-infarction-localization/outputs/5_alpanet_finetune_no_attention/20260613_180950/transfer_strategies/full_finetune/fold_5,512933,512933,1.0,0.998992950654582,1.0,0.9424460431654677,0.9290780141843972,0.9836065573770492,0.993992946556602,1.0,0.9937888198757764,0.7978142076502732,0.7525773195876289,0.9682926829268292,0.973170731707317,0.9975267930750206,0.986842105263158,0.9041095890410958,0.8967391304347826,0.9504643962848296,0.9703863238659308,0.9981308411214952,0.9887640449438202,0.9042553191489362,1.0,0.957345971563981,1.0
3,partial_finetune,4,OK,,0.9917112796044962,0.9904476000111642,0.8808405506366516,0.8875739644970414,0.8867099788812175,0.8875739644970414,0.8791536003187908,0.9868229115084662,0.3120174765351726,/home/nugee/code-program/code-thesis/hibah/myocardial-infarction-localization/outputs/5_alpanet_finetune_no_attention/20260613_180950/transfer_strategies/partial_finetune/fold_4/checkpoints/best_macro_f1.pt,/home/nugee/code-program/code-thesis/hibah/myocardial-infarction-localization/outputs/5_alpanet_finetune_no_attention/20260613_180950/transfer_strategies/partial_finetune/fold_4,448773,512933,0.8749154372988285,0.9909547738693468,1.0,0.9446494464944648,0.9078014184397164,0.994535519125683,0.9979459752741928,0.9953488372093025,0.9937888198757764,0.7932960893854749,0.7319587628865979,0.973170731707317,0.9790042745788282,0.9917355371900828,0.987012987012987,0.8854166666666666,0.9239130434782608,0.9071207430340558,0.980767936465204,0.9888059701492538,0.9809885931558936,0.9,0.9529411764705882,0.966824644549763,0.9895734597156398
4,partial_finetune,2,OK,,0.9901628756941016,0.9867228661923584,0.8762184396853461,0.8757396449704142,0.8741192009081202,0.8757396449704142,0.8913769934478459,0.979618274992888,0.3807661138930499,/home/nugee/code-program/code-thesis/hibah/myocardial-infarction-localization/outputs/5_alpanet_finetune_no_attention/20260613_180950/transfer_strategies/partial_finetune/fold_2/checkpoints/best_macro_f1.pt,/home/nugee/code-program/code-thesis/hibah/myocardial-infarction-localization/outputs/5_alpanet_finetune_no_attention/20260613_180950/transfer_strategies/partial_finetune/fold_2,448773,512933,0.8749154372988285,0.9889224572004028,0.9879518072289156,0.9220338983050848,0.9645390070921984,0.9508196721311476,0.9946130294926948,0.989247311827957,0.9938650306748468,0.85,0.8762886597938144,0.9560975609756096,0.9849635403570532,0.990916597853014,0.98,0.8427299703264095,0.7717391304347826,0.9659442724458204,0.9431619329654056,0.9915651358950328,0.9850746268656716,0.8901098901098901,0.9529411764705882,0.962085308056872,0.995734597156398
5,full_finetune,4,OK,,0.9995148109596306,0.996472073677956,0.8685670196027454,0.873767258382643,0.8737855528245383,0.873767258382643,0.883308835684154,0.9794704578974196,0.6298127026835372,/home/nugee/code-program/code-thesis/hibah/myocardial-infarction-localization/outputs/5_alpanet_finetune_no_attention/20260613_180950/transfer_strategies/full_finetune/fold_4/checkpoints/best_macro_f1.pt,/home/nugee/code-program/code-thesis/hibah/myocardial-infarction-localization/outputs/5_alpanet_finetune_no_attention/20260613_180950/transfer_strategies/full_finetune/fold_4,512933,512933,1.0,0.998992950654582,1.0,0.9458483754512635,0.9290780141843972,0.9863387978142076,0.991357594078208,1.0,1.0,0.7755102040816326,0.7835051546391752,0.9439024390243902,0.967764646718632,1.0,0.9934640522875816,0.8628571428571429,0.8206521739130435,0.953560371517028,0.9587595907928388,0.9990662931839402,0.9924242424242424,0.8900523560209425,1.0,0.9502369668246444,1.0
6,partial_finetune,5,OK,,0.9935668806784956,0.9920311332200048,0.8659806105799165,0.8658777120315582,0.8636615598612429,0.8658777120315582,0.8738527033642643,0.9836688478769784,0.4358258052220241,/home/nugee/code-program/code-thesis/hibah/myocardial-infarction-localization/outputs/5_alpanet_finetune_no_attention/20260613_180950/transfer_strategies/partial_finetune/fold_5/checkpoints/best_macro_f1.pt,/home/nugee/code-program/code-thesis/hibah/myocardial-infarction-localization/outputs/5_alpanet_finetune_no_attention/20260613_180950/transfer_strategies/partial_finetune/fold_5,448773,512933,0.8749154372988285,0.991919191919192,0.9880478087649402,0.9006622516556292,0.9645390070921984,0.9316939890710384,0.9920551873813124,0.9953632148377124,0.9937888198757764,0.8402366863905325,0.7319587628865979,0.997560975609756,0.990369625345738,0.9925925925925926,0.9900332225913622,0.8376068376068376,0.7989130434782609,0.9380804953560372,0.9536445012787724,0.994392523364486,0.99625468164794,0.8854166666666666,1.0,0.9478672985781992,0.9986060775020908
7,no_pretrain,3,OK,,0.9926729302029051,0.9904476000111642,0.8531156076684763,0.8599605522682445,0.8588325512736361,0.8599605522682445,0.847031601581762,0.9621323581638432,0.6827327463283577,/home/nugee/code-program/code-thesis/hibah/myocardial-infarction-localization/outputs/5_alpanet_finetune_no_attention/20260613_180950/transfer_strategies/no_pretrain/fold_3/checkpoints/best_macro_f1.pt,/home/nugee/code-program/code-thesis/hibah/myocardial-infarction-localization/outputs/5_alpanet_finetune_no_attention/20260613_180950/transfer_strategies/no_pretrain/fold_3,512933,512933,1.0,0.9909547738693468,1.0,0.9148936170212766,0.9148936170212766,0.9672131147540984,0.9873464325853584,0.9953632148377124,0.9937888198757764,0.7976878612716763,0.711340206185567,0.9829268292682928,0.9678400804626603,0.9909465020576133,0.987012987012987,0.8541666666666666,0.8913043478260869,0.8885448916408669,0.9241486068111454,0.9934272300469484,0.9809885931558936,0.8457142857142858,0.8705882352941177,0.962085308056872,0.9691943127962086
8,full_finetune,1,OK,,1.0,0.987539206362929,0.8472650246606805,0.8520710059171598,0.8519632264367873,0.8520710059171598,0.8659259356393311,0.9766574752935444,0.5300492390373049,/home/nugee/code-program/code-thesis/hibah/myocardial-infarction-localization/outputs/5_alpanet_finetune_no_attention/20260613_180950/transfer_strategies/full_finetune/fold_1/checkpoints/best_macro_f1.pt,/home/nugee/code-program/code-thesis/hibah/myocardial-infarction-localization/outputs/5_alpanet_finetune_no_attention/20260613_180950/transfer_strategies/full_finetune/fold_1,512933,512933,1.0,1.0,0.992,0.9390681003584228,0.9290780141843972,0.9808743169398908,0.9905437352245864,1.0,1.0,0.736318407960199,0.7628865979381443,0.926829268292683,0.9591149107367364,1.0,0.9767441860465116,0.8328445747800587,0.7717391304347826,0.953560371517028,0.9571106474626464,1.0,0.9814126394052044,0.8808290155440415,1.0,0.9454976303317536,0.9998606077502092
9,partial_finetune,3,OK,,0.9851357486170252,0.9922406141606096,0.8360467047283097,0.8441814595660749,0.8439765958382348,0.8441814595660749,0.8490114314415506,0.9807504234571648,0.3997200277194939,/home/nugee/code-program/code-thesis/hibah/myocardial-infarction-localization/outputs/5_alpanet_finetune_no_attention/20260613_180950/transfer_strategies/partial_finetune/fold_3/checkpoints/best_macro_f1.pt,/home/nugee/code-program/code-thesis/hibah/myocardial-infarction-localization/outputs/5_alpanet_finetune_no_attention/20260613_180950/transfer_strategies/partial_finetune/fold_3,448773,512933,0.8749154372988285,0.9848942598187312,1.0,0.8872180451127819,0.8368794326241135,0.9808743169398908,0.985893113203891,0.9922720247295208,0.9937888198757764,0.7582417582417582,0.711340206185567,0.9609756097560976,0.976514961025899,0.9802306425041186,0.99009900990099,0.8571428571428571,0.8478260869565217,0.9256965944272446,0.9605936195988692,0.9831460674157304,0.9850746268656716,0.8415841584158416,1.0,0.924170616113744,1.0
10,full_finetune,2,OK,,0.999559936902434,0.9896948436895912,0.8334068944106799,0.8382642998027613,0.833730868880526,0.8382642998027613,0.852003800413897,0.9775621457009044,0.5688720821628909,/home/nugee/code-program/code-thesis/hibah/myocardial-infarction-localization/outputs/5_alpanet_finetune_no_attention/20260613_180950/transfer_strategies/full_finetune/fold_2/checkpoints/best_macro_f1.pt,/home/nugee/code-program/code-thesis/hibah/myocardial-infarction-localization/outputs/5_alpanet_finetune_no_attention/20260613_180950/transfer_strategies/full_finetune/fold_2,512933,512933,1.0,1.0,0.9959514170040484,0.913907284768212,0.9787234042553192,0.9371584699453552,0.9933341084370034,1.0,0.9876543209876544,0.7272727272727273,0.7010309278350515,0.946341463414634,0.9668845863716368,0.9991769547325104,0.99009900990099,0.8023952095808383,0.7282608695652174,0.9504643962848296,0.9505317000942252,0.999062792877226,0.9850746268656716,0.8900523560209425,1.0,0.9502369668246444,0.9994981879007528
11,full_finetune,3,OK,,0.99859938812096,0.9922287900792608,0.8326260106805132,0.8402366863905325,0.8414750599807159,0.8402366863905325,0.8487312880081126,0.9822812775054328,0.7092353732745793,/home/nugee/code-program/code-thesis/hibah/myocardial-infarction-localization/outputs/5_alpanet_finetune_no_attention/20260613_180950/transfer_strategies/full_finetune/fold_3/checkpoints/best_macro_f1.pt,/home/nugee/code-program/code-thesis/hibah/myocardial-infarction-localization/outputs/5_alpanet_finetune_no_attention/20260613_180950/transfer_strategies/full_finetune/fold_3,512933,512933,1.0,0.9969849246231156,1.0,0.8872180451127819,0.8368794326241135,0.9808743169398908,0.9846335697399528,1.0,0.9937888198757764,0.7759562841530054,0.7319587628865979,0.9634146341463414,0.970756851898416,0.9983498349834984,0.9901639344262296,0.8539325842696629,0.8260869565217391,0.9380804953560372,0.9737346883833624,0.999062792877226,0.9849624060150376,0.8133971291866029,1.0,0.9075829383886256,1.0
12,frozen_backbone,3,OK,,0.8614602273248022,0.8460427808191364,0.7978171846667379,0.8007889546351085,0.8016657460658159,0.8007889546351085,0.7717603159167097,0.9678044829884764,0.4901192385769454,/home/nugee/code-program/code-thesis/hibah/myocardial-infarction-localization/outputs/5_alpanet_finetune_no_attention/20260613_180950/transfer_strategies/frozen_backbone/fold_3/checkpoints/best_macro_f1.pt,/home/nugee/code-program/code-thesis/hibah/myocardial-infarction-localization/outputs/5_alpanet_finetune_no_attention/20260613_180950/transfer_strategies/frozen_backbone/fold_3,33924,512933,0.0661372927848276,0.8985221674876848,0.8986784140969163,0.8306451612903226,0.7304964539007093,0.989071038251366,0.991163818160679,0.8597560975609756,0.8795180722891566,0.8117647058823529,0.711340206185567,0.9902439024390244,0.9720643701282372,0.8474855729596042,0.8248587570621468,0.7972665148063781,0.9510869565217392,0.7523219814241486,0.9392414860681114,0.8400770712909441,0.7811158798283262,0.7515923566878981,0.6941176470588235,0.9691943127962084,0.9687482575968775
13,frozen_backbone,1,OK,,0.8809627531799517,0.8406513128501347,0.7910193956644133,0.7889546351084813,0.7878149178777685,0.7889546351084813,0.7688340547172835,0.973322414481792,0.4963252324559514,/home/nugee/code-program/code-thesis/hibah/myocardial-infarction-localization/outputs/5_alpanet_finetune_no_attention/20260613_180950/transfer_strategies/frozen_backbone/fold_1/checkpoints/best_macro_f1.pt,/home/nugee/code-program/code-thesis/hibah/myocardial-infarction-localization/outputs/5_alpanet_finetune_no_attention/20260613_180950/transfer_strategies/frozen_backbone/fold_1,33924,512933,0.0661372927848276,0.907843137254902,0.8372093023255814,0.7553648068669528,0.624113475177305,0.989071038251366,0.9847304576987173,0.886535552193646,0.9012345679012346,0.8143712574850299,0.7010309278350515,0.9951219512195122,0.9843097812421424,0.8751033912324235,0.8174386920980926,0.7919463087248322,0.9619565217391304,0.7337461300309598,0.9498418360479204,0.8543689320388349,0.8067226890756303,0.8023952095808383,0.788235294117647,0.9644549763033176,0.9744075829383886
14,frozen_backbone,2,OK,,0.8772886420415391,0.818980099103051,0.7473206400685004,0.7514792899408284,0.7507359974087807,0.7514792899408284,0.7157023094197196,0.9702825450500652,0.5231306574048376,/home/nugee/code-program/code-thesis/hibah/myocardial-infarction-localization/outputs/5_alpanet_finetune_no_attention/20260613_180950/transfer_strategies/frozen_backbone/fold_2/checkpoints/best_macro_f1.pt,/home/nugee/code-program/code-thesis/hibah/myocardial-infarction-localization/outputs/5_alpanet_finetune_no_attention/20260613_180950/transfer_strategies/frozen_backbone/fold_2,33924,512933,0.0661372927848276,0.9147894221351616,0.8246445497630331,0.7467811158798283,0.6170212765957447,0.9863387978142076,0.9835678021935436,0.8723404255319149,0.8813559322033898,0.8143712574850299,0.7010309278350515,0.9951219512195122,0.9815941664571284,0.8772802653399668,0.8075880758807588,0.7569892473118279,0.9565217391304348,0.6749226006191951,0.9477217660519586,0.8447444551591128,0.7623318385650224,0.6711409395973155,0.5882352941176471,0.966824644549763,0.9682464454976304
15,no_pretrain,2,OK,,0.9819116237721416,0.912961087548723,0.7159490534680752,0.7297830374753451,0.7297285467279163,0.7297830374753451,0.6940981340226756,0.936533657321907,0.775488848516927,/home/nugee/code-program/code-thesis/hibah/myocardial-infarction-localization/outputs/5_alpanet_finetune_no_attention/20260613_180950/transfer_strategies/no_pretrain/fold_2/checkpoints/best_macro_f1.pt,/home/nugee/code-program/code-thesis/hibah/myocardial-infarction-localization/outputs/5_alpanet_finetune_no_attention/20260613_180950/transfer_strategies/no_pretrain/fold_2,512933,512933,1.0,0.9790209790209792,0.957983193277311,0.842911877394636,0.7801418439716312,0.9726775956284152,0.9567298376157812,0.984567901234568,0.9364161849710982,0.7796610169491526,0.711340206185567,0.973170731707317,0.9665828513955244,0.9810387469084914,0.9003021148036254,0.7069767441860465,0.8260869565217391,0.7089783281733746,0.8739231390496702,0.9830188679245284,0.8571428571428571,0.5342465753424658,0.4588235294117647,0.9478672985781992,0.9488988012266518
16,no_pretrain,5,OK,,0.993535387299711,0.960781070732481,0.6907020395953591,0.73767258382643,0.7226615964896559,0.73767258382643,0.6853519052651912,0.933504527212367,1.0758455030076368,/home/nugee/code-program/code-thesis/hibah/myocardial-infarction-localization/outputs/5_alpanet_finetune_no_attention/20260613_180950/transfer_strategies/no_pretrain/fold_5/checkpoints/best_macro_f1.pt,/home/nugee/code-program/code-thesis/hibah/myocardial-infarction-localization/outputs/5_alpanet_finetune_no_attention/20260613_180950/transfer_strategies/no_pretrain/fold_5,512933,512933,1.0,0.992964824120603,0.9725490196078432,0.89419795221843,0.9290780141843972,0.9426229508196722,0.9682788823005076,0.9984544049459042,0.9937888198757764,0.7932960893854749,0.7319587628865979,0.973170731707317,0.9828513955242644,0.989282769991756,0.9493670886075948,0.7268292682926829,0.8097826086956522,0.7616099071207431,0.8671086283483644,0.993439550140581,0.9274193548387096,0.3484848484848485,0.2705882352941176,0.943127962085308,0.9157792026763312
17,no_pretrain,4,OK,,0.9887543666616646,0.9909603228771332,0.6711467859205513,0.7218934911242604,0.7045256106353001,0.7218934911242604,0.6645975391882915,0.9322351800137412,1.2392694836361169,/home/nugee/code-program/code-thesis/hibah/myocardial-infarction-localization/outputs/5_alpanet_finetune_no_attention/20260613_180950/transfer_strategies/no_pretrain/fold_4/checkpoints/best_macro_f1.pt,/home/nugee/code-program/code-thesis/hibah/myocardial-infarction-localization/outputs/5_alpanet_finetune_no_attention/20260613_180950/transfer_strategies/no_pretrain/fold_4,512933,512933,1.0,0.9838056680161944,1.0,0.9078498293515358,0.9432624113475178,0.9480874316939892,0.987966515521451,0.9937888198757764,0.981132075471698,0.8187134502923976,0.7216494845360825,0.9902439024390244,0.9595423686195624,0.9876746096959738,0.990228013029316,0.6903073286052009,0.7934782608695652,0.7120743034055728,0.875521604522816,0.989748369058714,0.9924812030075189,0.2677165354330709,0.2,0.9407582938388626,0.9059102313911346
18,frozen_backbone,5,OK,,0.8768636666627465,0.8668329430032368,0.6676242996553096,0.7080867850098619,0.6946505952895008,0.7080867850098619,0.6428195392903913,0.9574238933488084,0.5688342078197637,/home/nugee/code-program/code-thesis/hibah/myocardial-infarction-localization/outputs/5_alpanet_finetune_no_attention/20260613_180950/transfer_strategies/frozen_backbone/fold_5/checkpoints/best_macro_f1.pt,/home/nugee/code-program/code-thesis/hibah/myocardial-infarction-localization/outputs/5_alpanet_finetune_no_attention/20260613_180950/transfer_strategies/frozen_backbone/fold_5,33924,512933,0.0661372927848276,0.9170731707317074,0.8699551569506726,0.7833333333333333,0.6666666666666666,0.9863387978142076,0.986261287447196,0.8727272727272727,0.9375,0.8143712574850299,0.7010309278350515,0.9951219512195122,0.9711591651998994,0.8764607679465777,0.8169014084507042,0.7227926078028748,0.9565217391304348,0.6068111455108359,0.9132285637367076,0.8411934552454283,0.8429752066115702,0.35,0.2470588235294117,0.966824644549763,0.9590465570114302
19,frozen_backbone,4,OK,,0.8738426688208334,0.7929783985566325,0.6476342937362245,0.6942800788954635,0.6760009567212016,0.6942800788954635,0.6301469501320847,0.9707051660335992,0.5586586013818399,/home/nugee/code-program/code-thesis/hibah/myocardial-infarction-localization/outputs/5_alpanet_finetune_no_attention/20260613_180950/transfer_strategies/frozen_backbone/fold_4/checkpoints/best_macro_f1.pt,/home/nugee/code-program/code-thesis/hibah/myocardial-infarction-localization/outputs/5_alpanet_finetune_no_attention/20260613_180950/transfer_strategies/frozen_backbone/fold_4,33924,512933,0.0661372927848276,0.9090909090909092,0.819047619047619,0.7400881057268722,0.5957446808510638,0.994535519125683,0.9900786730225168,0.8721109399075501,0.8433734939759037,0.8457142857142858,0.7628865979381443,0.9902439024390244,0.9814684435504148,0.8698517298187809,0.7684210526315789,0.7165991902834008,0.9619565217391304,0.5882352941176471,0.9534257638982366,0.8443170964660937,0.7410714285714286,0.288135593220339,0.2,0.962085308056872,0.9578477836632284
20,no_pretrain,1,OK,,0.9924263605816632,0.9900583228642896,0.6399585101508178,0.7061143984220908,0.6901115618760892,0.7061143984220908,0.6333697099055726,0.922897083007138,1.174326933347262,/home/nugee/code-program/code-thesis/hibah/myocardial-infarction-localization/outputs/5_alpanet_finetune_no_attention/20260613_180950/transfer_strategies/no_pretrain/fold_1/checkpoints/best_macro_f1.pt,/home/nugee/code-program/code-thesis/hibah/myocardial-infarction-localization/outputs/5_alpanet_finetune_no_attention/20260613_180950/transfer_strategies/no_pretrain/fold_1,512933,512933,1.0,0.9919517102615694,0.9881422924901184,0.925925925925926,0.8865248226950354,0.989071038251366,0.9890129054761074,0.9969040247678018,0.9938650306748468,0.8165680473372781,0.711340206185567,0.9926829268292684,0.9437264269549912,0.9893004115226336,0.9933774834437086,0.7136363636363636,0.8532608695652174,0.6934984520123839,0.899969713285772,0.991549295774648,0.9848484848484848,0.1037037037037037,0.0823529411764705,0.8981042654028436,0.8588792863116812
